{
  "negative": {
    "bias": 0.5757227016825097,
    "p1": -0.3296683082372341,
    "p3": -1.4668577676003491,
    "p5": -2.7574941043701,
    "p10": -2.874051687320341,
    "p19": -0.19601446511446385,
    "p14": -0.794329041208783,
    "p9": -0.5880433953433917,
    "p20": -0.09800723255723193,
    "p7": -1.22034398439429,
    "p8": -1.1341434903510184,
    "p6": -2.019689431696921,
    "p16": -0.07360360436936134,
    "p17": -0.07360360436936134,
    "p12": -1.5397457779029686,
    "p13": -1.134549520560082,
    "p11": 1.4015251704015688,
    "p2": -0.6345922969012786
  },
  "edible": {
    "bias": -2.4243429203123292,
    "p1": -0.7942841103279672,
    "p3": -0.916975729818377,
    "p5": -1.3176269433238161,
    "p10": -2.420003604578377,
    "p19": -0.1429932171049366,
    "p14": -0.5793468735289361,
    "p9": -0.42897965131480986,
    "p20": -0.0714966085524683,
    "p7": -0.6886856834759039,
    "p8": -0.6354957023734885,
    "p6": -0.9489367964238572,
    "p16": -0.047624256572703375,
    "p17": -0.047624256572703375,
    "p12": 2.873795551287269,
    "p13": 2.117533564106408,
    "p11": -1.1440556979943308,
    "p2": -0.2308912155882941
  },
  "sweet": {
    "bias": -2.4243429203123292,
    "p1": -0.7942841103279672,
    "p3": -0.916975729818377,
    "p5": -1.3176269433238161,
    "p10": -2.420003604578377,
    "p19": -0.1429932171049366,
    "p14": -0.5793468735289361,
    "p9": -0.42897965131480986,
    "p20": -0.0714966085524683,
    "p7": -0.6886856834759039,
    "p8": -0.6354957023734885,
    "p6": -0.9489367964238572,
    "p16": -0.047624256572703375,
    "p17": -0.047624256572703375,
    "p12": 2.873795551287269,
    "p13": 2.117533564106408,
    "p11": -1.1440556979943308,
    "p2": -0.2308912155882941
  },
  "carnivorous": {
    "bias": -3.685532676881512,
    "p1": -0.3641360354000298,
    "p3": 1.0021029460139685,
    "p5": 0.72034529170899,
    "p10": -0.49126573832163606,
    "p19": 0.5520699038402163,
    "p14": 2.370633068054444,
    "p9": 1.6562097115206473,
    "p20": 0.27603495192010813,
    "p7": -0.9816442353744854,
    "p8": -0.882126773608461,
    "p6": -1.5466430069622248,
    "p16": -1.495085197727351,
    "p17": -1.495085197727351,
    "p12": -0.4548897013748911,
    "p13": -0.335181885223604,
    "p11": -1.2035424406632984,
    "p2": -0.45846953400636664
  },
  "herbivorous": {
    "bias": -3.8300891062566222,
    "p1": 1.856469040138952,
    "p3": 0.2779257368525356,
    "p5": 0.36716581664515074,
    "p10": -1.1334209510921598,
    "p19": 0.2626171458623104,
    "p14": 1.0063006331535362,
    "p9": 0.7878514375869313,
    "p20": 0.1313085729311552,
    "p7": -0.7493269309249936,
    "p8": -0.6794304182200976,
    "p6": -1.1249379444565342,
    "p16": -0.7364353121133089,
    "p17": -0.7364353121133089,
    "p12": -0.4194340578668142,
    "p13": -0.3090566742176526,
    "p11": -1.0870242066896667,
    "p2": -0.3128512532647765
  },
  "domesticated": {
    "bias": -3.8624082951233363,
    "p1": -0.004440844691424761,
    "p3": 0.24205774176970243,
    "p5": 0.8072964989940313,
    "p10": -0.7442579796425033,
    "p19": 0.2362328333244954,
    "p14": 0.8449723106399246,
    "p9": 0.7086984999734861,
    "p20": 0.1181164166622477,
    "p7": -0.6785784009388133,
    "p8": -0.6180585337454755,
    "p6": -1.1058488006771041,
    "p16": -0.445249916976573,
    "p17": -0.445249916976573,
    "p12": -0.4099494966719353,
    "p13": -0.30206805017932065,
    "p11": -0.9847169529904384,
    "p2": -0.3413951332370956
  },
  "wild": {
    "bias": -3.8778404281859475,
    "p1": -0.6823771880173979,
    "p3": -0.7451673936304316,
    "p5": -1.0334184275255807,
    "p10": -1.6929447692292705,
    "p19": -0.13505042210069054,
    "p14": -0.5472022019650353,
    "p9": -0.40515126630207104,
    "p20": -0.06752521105034527,
    "p7": -0.489374736058234,
    "p8": -0.44772113250350576,
    "p6": -0.6496681886825978,
    "p16": -0.043699020660594716,
    "p17": -0.043699020660594716,
    "p12": -0.35454975880093315,
    "p13": -0.26124719069542446,
    "p11": -0.6680591608625877,
    "p2": -0.14764352975442857
  },
  "aquatic": {
    "bias": -3.0891917942629314,
    "p1": 0.5462581836551191,
    "p3": 0.9071846981079215,
    "p5": 0.25158461144715577,
    "p10": -1.5451832732916428,
    "p19": 0.34358261900086207,
    "p14": 1.3249514301513803,
    "p9": 1.0307478570025854,
    "p20": 0.17179130950043103,
    "p7": 0.7912146327755316,
    "p8": 0.3391286297475209,
    "p6": -0.025598817587923463,
    "p16": -1.0998993072269085,
    "p17": -1.0998993072269085,
    "p12": -0.5917529018809333,
    "p13": -0.4360284540175299,
    "p11": -1.2883881511557733,
    "p2": -0.47860774751100904
  },
  "flying": {
    "bias": -3.886430341808177,
    "p1": 0.2350594667427271,
    "p3": 0.13309080707824134,
    "p5": 0.049229182129000536,
    "p10": -1.2521193884816324,
    "p19": 0.20076559808636257,
    "p14": 0.7774977529290154,
    "p9": 0.6022967942590871,
    "p20": 0.10038279904318129,
    "p7": -0.6833819469560745,
    "p8": -0.6220119294913078,
    "p6": -1.0616718298085175,
    "p16": 3.0690654609405894,
    "p17": 3.0690654609405894,
    "p12": -0.41799104165064643,
    "p13": -0.30799339911100254,
    "p11": -0.9881892476594096,
    "p2": -0.3091417508146344
  },
  "nocturnal": {
    "bias": -3.886430341808177,
    "p1": 0.2350594667427271,
    "p3": 0.13309080707824134,
    "p5": 0.049229182129000536,
    "p10": -1.2521193884816324,
    "p19": 0.20076559808636257,
    "p14": 0.7774977529290154,
    "p9": 0.6022967942590871,
    "p20": 0.10038279904318129,
    "p7": -0.6833819469560745,
    "p8": -0.6220119294913078,
    "p6": -1.0616718298085175,
    "p16": 3.0690654609405894,
    "p17": 3.0690654609405894,
    "p12": -0.41799104165064643,
    "p13": -0.30799339911100254,
    "p11": -0.9881892476594096,
    "p2": -0.3091417508146344
  },
  "social": {
    "bias": -3.0788189020309145,
    "p1": -0.8183464573075054,
    "p3": -0.40514849091043814,
    "p5": -1.3784037696906901,
    "p10": -2.2626978886451776,
    "p19": -0.1626691582984397,
    "p14": -0.6578481095303227,
    "p9": -0.48800747489531965,
    "p20": -0.08133457914921985,
    "p7": 1.2150106705554196,
    "p8": 0.6765499452432744,
    "p6": 0.7310160350232596,
    "p16": -0.07110416188267606,
    "p17": -0.07110416188267606,
    "p12": -0.5370821896060689,
    "p13": -0.39574477128868235,
    "p11": -0.9075764073077947,
    "p2": -0.22141220114182172
  },
  "aggressive": {
    "bias": -3.8778404281859475,
    "p1": -0.6823771880173979,
    "p3": -0.7451673936304316,
    "p5": -1.0334184275255807,
    "p10": -1.6929447692292705,
    "p19": -0.13505042210069054,
    "p14": -0.5472022019650353,
    "p9": -0.40515126630207104,
    "p20": -0.06752521105034527,
    "p7": -0.489374736058234,
    "p8": -0.44772113250350576,
    "p6": -0.6496681886825978,
    "p16": -0.043699020660594716,
    "p17": -0.043699020660594716,
    "p12": -0.35454975880093315,
    "p13": -0.26124719069542446,
    "p11": -0.6680591608625877,
    "p2": -0.14764352975442857
  },
  "dangerous": {
    "bias": -3.8778404281859475,
    "p1": -0.6823771880173979,
    "p3": -0.7451673936304316,
    "p5": -1.0334184275255807,
    "p10": -1.6929447692292705,
    "p19": -0.13505042210069054,
    "p14": -0.5472022019650353,
    "p9": -0.40515126630207104,
    "p20": -0.06752521105034527,
    "p7": -0.489374736058234,
    "p8": -0.44772113250350576,
    "p6": -0.6496681886825978,
    "p16": -0.043699020660594716,
    "p17": -0.043699020660594716,
    "p12": -0.35454975880093315,
    "p13": -0.26124719069542446,
    "p11": -0.6680591608625877,
    "p2": -0.14764352975442857
  },
  "tool-like": {
    "bias": -2.781421608380771,
    "p1": 0.12420634352668437,
    "p3": 2.0719514263909304,
    "p5": -0.4583675680423116,
    "p10": -2.021156108982344,
    "p19": 0.1700037100517061,
    "p14": 0.6523012021700793,
    "p9": 0.5100111301551182,
    "p20": 0.08500185502585304,
    "p7": 1.7603984002112947,